country,category,brand_name,wikidata_id,opening_rule,opening_hours,description,source_url,opening_hours_url
AD,fast_food,McDonald's,Q38076,closed,,,,
AD,fast_food,Burger King,Q177054,closed,,,,
AT,bakery,Anker,Q557116,partial,,,https://www.ankerbrot.at/,https://www.ankerbrot.at/filialen
AT,bakery,Ströck,Q2357607,open_adapted,,,https://stroeck.at/aktionen/aktuelles/massnahmen_coronavirus,https://stroeck.at/de/filialen
AT,bank,Bank Austria,Q697619,partial,,Physische Beratung nur an Hochfrequenzstandorten und Flagship-Filialen.,https://www.bankaustria.at/aktuelle-hinweise.jsp?ucid=INT-8351-Wichtige_Mitteilung-Website,https://filialen.bankaustria.at/de/
AT,bank,BAWAG PSK,Q379938,open_adapted,,Nur dringend notwendige Besuche.,https://www.bawagpsk.com/BAWAGPSK/PK/services/aktuelles/498332/warnung--coronavirus.html,https://www.bawagpsk.com/BAWAGPSK/PK/filialsuche/269546/filialsuche.html
AT,bank,Erste Bank,Q696867,open_adapted,,Nur in besonderes dringenden Fällen. Für Risikogruppen: Mo-Fr 09:00-10:00 Uhr.,https://www.sparkasse.at/erstebank/kundeninformation-coronavirus,https://www.sparkasse.at/erstebank/filialen-oeffungszeiten
AT,bank,Oberbank,Q2009139,open,,,https://www.oberbank.at/coronavirus_information_15032020,https://www.oberbank.at/filialfinder
AT,bank,Raiffeisenbank,Q24282825,open_adapted,,,https://www.raiffeisen.at/de/meine-bank/kundenservice/kundeninformation-covid-19.html,https://www.raiffeisen.at/de/meine-bank/raiffeisen-bankengruppe/raiffeisenbanken.html
AT,bank,Volksbank,Q695110,open,,,https://www.volksbank.at/m101/volksbank/de/individuelle_seite/volksbank_gruppe/covid_19.jsp,https://www.volksbank.at/filialfinder
AT,car_repair,ARBÖ,Q784673,open_adapted,,,https://www.arboe.at/infos/corona/,https://www.arboe.at/infos/corona/sonderoeffnungszeiten-der-arboe-pruefzentren/
AT,car_repair,ÖAMTC,Q306057,partial,,,https://www.oeamtc.at/nothilfe/corona-nothilfe-gesichert-36945135,https://www.oeamtc.at/nothilfe/corona-nothilfe-gesichert-36945135#oeamtc-standorte-36945188
AT,chemist,Bipa,Q864933,open_adapted,,,https://www.bipa.at/bipa/fuersieda.html,https://www.bipa.at/filialen
AT,chemist,dm,Q266572,open_adapted,,,https://www.dm-drogeriemarkt.at/wirgebenaufeinanderacht-139444,https://www.dm-drogeriemarkt.at/store
AT,doityourself,Lagerhaus,Q10553211,open_adapted,,,https://www.lagerhaus.at/sortiment/a/nahversorger-bleiben-geoffnet,https://www.lagerhaus.at/standortsuche
AT,fastfood,McDonald's,Q38076,closed,,,https://www.mcdonalds.at/restaurant-finder,https://www.mcdonalds.at/restaurant-finder
AT,fuel,Avanti,Q168238,open_adapted,,,https://www.avanti.at/de-at/einfach-/fuer-sie-da,https://www.avanti.at/services/downloads/00/avanti.at/1522183760982/dload_Liste%20Standorte%20inklusive%20%C3%96ffnungszeiten_Avanti%20AT
AT,fuel,BP,Q152057,open_adapted,,BP car wash geschlossen.,https://www.bp.com/de_at/austria/home/produkte-und-services/wir-sind-fuer-sie-da.html,https://www.bp.com/de_at/austria/home/produkte-und-services/bp-in-ihrer-naehe.html
AT,fuel,Eni,Q565594,open_adapted,,,,http://travel.eni.com/iveportal/stations/stationfinder.do?locale=de_AT
AT,fuel,Jet,Q568940,open_adapted,Mo-Fr 06:00-20:00; Sa-So 07:00-20:00; PH 07:00-20:00,,https://www.jet-tankstellen.at/,https://www.jet-tankstellen.at/
AT,fuel,Shell,Q154950,open_adapted,,,https://www.shell.at/covid19.html,https://www.shell.at/promos/motorists-promos/petrol-station-search.html
AT,fuel,Turmöl,Q1473279,open_adapted,,,https://turmöl.at/tanken,https://xn--turml-mua.at/wp-content/uploads/2020/04/20200410-%C3%96ffnungszeiten-Tankstellen.pdf
AT,pet,Fressnapf,Q875796,open_adapted,Mo-Fr 09:00-18:00; Sa 09:00-16:00,,https://www.fressnapf.at/corona,https://www.fressnapf.at/storefinder
AT,post_office,Österreichische Post AG,Q1763505,open,,,https://www.post.at/p/c/corona,https://www.post.at/sf/standortfinder
AT,supermarket,Billa,Q537781,open_adapted,Mo-Fr 07:40-19:00; Sa 07:40-18:00,,https://www.billa.at/filialfinder,https://www.billa.at/filialen
AT,supermarket,Eurospar,Q12309283,open_adapted,,,https://www.spar.at/standorte,https://www.spar.at/standorte
AT,supermarket,Hofer,Q15815751,open_adapted,Mo-Sa 07:40-18:00,Risikogruppen von 08:00-09:00 Uhr.,https://www.hofer.at/de/informationen/aktuelle-informationen.html,https://www.hofer.at/de/filialen.html
AT,supermarket,Lidl,Q151954,open_adapted,Mo-Fr 07:40-19:00; Sa 07:40-18:00,,https://www.lidl.at/info/filialsuche-oeffnungszeiten,https://www.lidl.at/info/filialsuche-oeffnungszeiten
AT,supermarket,Merkur,Q1921857,open_adapted,Mo-Fr 07:40-19:00; Sa 07:40-18:00,,https://www.merkurmarkt.at/p/corona-virus,https://www.merkurmarkt.at/marktplatz/ihr-einkauf/maerkte-und-oeffnungszeiten
AT,supermarket,MPREIS,Q873491,open_adapted,Mo-Fr 07:40-19:00; Sa 07:40-18:00,,https://www.mpreis.at/informationen-zur-aktuellen-lage,https://www.mpreis.at/sp/standorte
AT,supermarket,Penny,Q284688,open_adapted,Mo-Fr 07:40-19:00; Sa 07:40-18:00,,https://www.penny.at/campaigns/gemeinsamschaffenwirdas,https://www.penny.at/my-stores
AT,supermarket,Spar,Q610492,open,,,https://presse.spar.at/news-spar-maerkte-haben-geoeffnet-lebensmittel-werden-laufend-nachgeliefert?id=103272&menueid=21125&l=deutsch,https://www.spar.at/standorte
CH,bakery,Brezelkönig,,open,,,,https://brezelkoenig.ch/de/standorte/?Format=11
CH,bakery,Frei,,open,,,https://www.baeckerei-frei.ch,https://www.baeckerei-frei.ch/de-ch/filialen-standorte-cafe.html
CH,bakery,Hausammann Zopfbeck,,open,,,http://www.zopfbeck.ch/,http://www.zopfbeck.ch/
CH,bakery,Hug,,open,,,https://www.baeckerei-hug.ch,https://www.baeckerei-hug.ch/filialen/standorte/
CH,bakery,Kleiner,,open,,,https://kleiner-baeckerei.ch,https://kleiner-baeckerei.ch/standorte/
CH,bakery,Steiner Beck,,partial,,,https://www.steiner-beck.ch/news-coronavirus/,https://www.steiner-beck.ch/filialen/
CH,bakery,Voland,,open,,,https://www.baumerfladen.ch/,https://www.baumerfladen.ch/filialen
CH,bakery,Wüst,,open,,,https://baeckereiwuest.ch/,https://baeckereiwuest.ch/filialen
CH,bank,Aargauische Kantonalbank,Q301269,open,,,https://www.akb.ch/coronavirus,https://www.akb.ch
CH,bank,Appenzeller Kantonalbank,Q620963,partial,,,https://www.appkb.ch/private/NEWSID-926,https://www.appkb.ch
CH,bank,Avera,Q1101061,partial,,,https://bank-avera.ch/ueber-uns/publikationen/reduzierter-filialbetrieb,https://bank-avera.ch
CH,bank,Basellandschaftliche Kantonalbank,Q809931,open,,,https://www.blkb.ch/,https://www.blkb.ch/
CH,bank,Basler Kantonalbank,Q810408,open,,,https://www.bkb.ch/de/privatkunden/aktuelle-situation-rund-um-das-coronavirus,https://www.bkb.ch
CH,bank,Berner Kantonalbank,Q824579,open,,,https://www.bekb.ch/de/corona,https://www.bekb.ch
CH,bank,Credit Suisse,Q372657,partial,,,https://www.credit-suisse.com/ch/de/corona-information/wir-sind-fuer-sie-da/geschaeftsstellen-info.html,
CH,bank,Freiburger Kantonalbank,Q1453871,open,,,https://www.bcf.ch/de/die-fkb/news-und-medien/covid-19,https://www.bcf.ch
CH,bank,Glarner Kantonalbank,Q1529290,open,,,https://www.glkb.ch/%C3%BCber-uns/coronavirus,https://www.glkb.ch
CH,bank,Graubündner Kantonalbank,Q1543702,open,,,https://www.gkb.ch/de/ueber-uns/aktuelles/mitteilungen/coronavirus-kundeninformation,https://www.gkb.ch
CH,bank,Luzerner Kantonalbank,Q1756878,open,,,https://www.lukb.ch/de/coronavirus,https://www.lukb.ch
CH,bank,Migros Bank,Q1593349,open,,,https://www.migrosbank.ch/de/coronavirus.html,https://www.migrosbank.ch
CH,bank,Nidwaldner Kantonalbank,Q1987417,open,,,https://www.nkb.ch/corona,https://www.nkb.ch
CH,bank,Obwaldner Kantonalbank,Q1291630,open,,,https://www.owkb.ch/ueber_uns/coronavirus.htm,https://www.owkb.ch
CH,bank,Raiffeisen,Q681189,partial,,Nur in dringenden fällen auf Voranmeldung,https://www.raiffeisen.ch/cham-steinhausen/de/privatkunden/5-tipps-in-zeiten-von-corona.html?cid=corona:privat-211c:raiffeisen:mc-int-header:corona,
CH,bank,Schaffhauser Kantonalbank,Q2230058,open,,,https://www.shkb.ch/,https://www.shkb.ch/
CH,bank,Schwyzer Kantolbank,Q2257957,open,,,https://www.szkb.ch/pub/ueber-die-szkb/servicezentrum/informieren/coronavirus,https://www.szkb.ch
CH,bank,St.Galler Kantonalbank,Q2316809,open,,,https://www.sgkb.ch/de/coronavirus,https://www.sgkb.ch
CH,bank,Thurgauer Kantonalbank,Q2430020,open,,,https://www.tkb.ch/private/coronavirus,https://www.tkb.ch
CH,bank,UBS,Q193199,partial,,,https://www.ubs.com/ch/de/help/covid-info.html,
CH,bank,Urner Kantonalbank,Q17051583,open,,,https://www.ukb.ch/unsere-bank/portrait/aktueller-bankbetrieb/,https://www.ukb.ch
CH,bank,Walliser Kantonalbank,Q2543025,open,,,https://www.bcvs.ch/,https://www.bcvs.ch/
CH,bank,Zuger Kantonalbank,Q228365,open,,,https://www.zugerkb.ch/die-zugerkb/zuger-kantonalbank/coronavirus,https://www.zugerkb.ch
CH,bank,Zürcher Kantonalbank,Q248476,open,,,https://www.zkb.ch/de/gs/lp/pandemie-kundeninformation.html,https://www.zkb.ch
CH,chemist,Amavita,,open,,,https://www.amavita.ch/de/info-covid19,https://www.amavita.ch/de/storepickup
CH,chemist,Dropa,Q1260273,open,,,https://dropa.ch/ratgeber/alle-dropa-drogerien-und-apotheken-sind-geoeffnet,https://dropa.ch
CH,chemist,TopPharm,,open,,,,https://www.toppharm.ch/hauslieferdienst
CH,doityourself,Bauhaus,Q672043,partial,,,https://www.bauhaus.ch/de/content/aktuelles/aktuelle-situation.html,https://www.bauhaus.ch
CH,doityourself,Coop Bau + Hobby,Q432564,partial,,,,https://www.bauundhobby.ch/
CH,doityourself,Do it & Garden,Q680727,partial,,,https://www.doitgarden.ch/de/cp/aktuell,https://www.doitgarden.ch
CH,doityourself,Hornbach,Q685926,partial,,,https://www.hornbach.ch/aktuelles/aktuelle-informationen/,https://www.hornbach.ch/
CH,doityourself,Jumbo,,partial,,,https://www.jumbo.ch/de/coronavirus-info,https://www.jumbo.ch/de
CH,doityourself,Landi,Q1803010,partial,,,https://www.landi.ch/laden/service/Haeufig-gestellte-Fragen-FAQ,https://www.landi.ch/places/de
CH,doityourself,OBI,Q300518,partial,,,,https://www.obi.ch/
CH,electronics,Inter Discount,,closed,,,https://www.interdiscount.ch/de,
CH,electronics,melectronics,,closed,,,https://www.melectronics.ch/de,
CH,fuel,Shell,Q154950,open,,,,
CH,fuel,Socar,Q1622293,open,,,https://www.socarenergy.ch/,https://www.socarenergy.ch/tankstellen/tankstellen-finder/
CH,kiosk,k kiosk,Q60381703,partial,,,https://www.kkiosk.ch/de/allover/standortsuche/,https://www.kkiosk.ch/de/allover/standortsuche/
CH,optician,Fielmann,Q457822,partial,,nur Notfälle,https://www.fielmann.ch,https://www.fielmann.ch/de/niederlassungen/
CH,optician,Visilab,Q2528307,closed,,Hotline für Notfälle,https://www.visilab.ch,https://www.visilab.ch/de/faq/info/
CH,post,Post,Q614803,open,,Nur postalische Produkte und Dienstleistungen,https://www.post.ch/de/pages/corona/anpassungen-im-angebot,https://www.post.ch/de/pages/corona/anpassungen-im-angebot
CH,supermarket,Aldi,Q125054,open,,,,https://www.aldi-suisse.ch/filialen/de-CH/Start
CH,supermarket,Coop,Q432564,open,,,,https://www.coop.ch/de/unternehmen/standorte-und-oeffnungszeiten.html
CH,supermarket,Denner,Q379911,open,,,,https://www.denner.ch/de/filialen/
CH,supermarket,LIDL,Q151954,open,,,,https://www.lidl.ch/unternehmen/filialen-oeffnungszeiten/filialfinder
CH,supermarket,Manor,,partial,,,https://www.manor.ch/de/u/manor-info-covid19,https://www.manor.ch/de/store-finder
CH,supermarket,Migrolino,Q56745088,open,,,https://www.migrolino.ch/de/,https://www.migrolino.ch/de/migrolino-standorte/
CH,supermarket,Migros,Q680727,open,,,,https://filialen.migros.ch/de
CH,supermarket,SPAR,Q610492,open,,,,https://www.spar.ch/spar-maerkte/#?s=1
CH,supermarket,Volg,Q2530746,open,,,,https://www.volg.ch/standorte-oeffnungszeiten/
DE,bakery,Back-Factory,Q21200483,closed,,,https://www.back-factory.de/wir-sind-bald-wieder-da/wir-sind-bald-wieder-da.html,
DE,bakery,BackWerk,Q798298,partial,,,https://www.back-werk.de/,https://www.back-werk.de/standorte/
DE,bakery,Ditsch,Q911573,partial,,,,https://www.ditsch.de/de/shops/
DE,bakery,Hofpfisterei,Q1623217,open,,,https://www.hofpfisterei.de/,https://www.hofpfisterei.de/verkaufsstellen
DE,bakery,Junge,Q1561751,open,,,https://www.jb.de/das-unternehmen-junge/das-ist-junge/gemeinsamstark/,
DE,bakery,Kamps,Q1723381,partial,,,https://kamps.de/standorte,https://kamps.de/standorte
DE,bakery,Le Crobag,Q1558025,partial,,,,https://www.lecrobag.de/shops-de/standorte.html
DE,bakery,Schäfer's,Q1464562,open,,,,https://www.schaefers-brot.de/filialen/
DE,bakery,Steinecke,Q57516278,open,,,,https://www.steinecke.info/filialen
DE,bank,Berliner Sparkasse,Q821760,partial,,,https://www.berliner-sparkasse.de/de/home/ihre-sparkasse/hinweise-zum-corona-virus.html,https://www.berliner-sparkasse.de/de/home/ihre-sparkasse/hinweise-zum-corona-virus.html
DE,bank,Braunschweigische Landessparkasse,Q902027,partial,,,https://www.blsk.de/de/home/aktionen/informationen-zum-coronavirus.html,https://www.blsk.de/de/home/toolbar/filialen.html
DE,bank,Commerzbank,Q157617,partial,,,https://www.commerzbank.de/portal/de/privatkunden/hilfe-kontakt/services/aktuelle-meldungen-corona.html,https://www.commerzbank.de/portal/media/a-20-themen/corona-virus/geoeffnete-Filalen.pdf
DE,bank,Deutsche Bank,Q66048,partial,,,https://www.deutsche-bank.de/pk/Corona-update.html,https://www.deutsche-bank.de/pfb/content/pk-filialsuche.html
DE,bank,Erzgebirgssparkasse,Q1366150,partial,,,https://www.erzgebirgssparkasse.de/de/home/ihre-sparkasse/aktuelle-information--corona-.html,https://www.erzgebirgssparkasse.de/de/home/ihre-sparkasse/aktuelle-information--corona-.html
DE,bank,Frankfurter Sparkasse,Q1445030,partial,,,https://www.frankfurter-sparkasse.de/de/home/aktionen/info-zum-coronavirus.html,https://www.frankfurter-sparkasse.de/de/home/ihre-sparkasse/service-und-kontakt/filiale-finden.html
DE,bank,Hamburger Sparkasse,Q1573140,open_adapted,,,https://www.haspa.de/de/home/services-und-hilfe/informationen-zum-coronavirus.html,https://www.haspa.de/content/dam/myif/haspa/work/dokumente/pdf/haspa/presse/filialen-oeffnungszeiten.pdf
DE,bank,HypoVereinsbank,Q220189,partial,,,https://www.hypovereinsbank.de/hvb/services/aktuelle-hinweise#parsys_contact_bar,https://www.hypovereinsbank.de/hvb/kontaktwege/filiale
DE,bank,Kreissparkasse Böblingen,Q1290595,partial,,,https://www.kskbb.de/de/home/aktionen/notfallplanung.html,https://www.kskbb.de/de/home/service/filiale-finden.html
DE,bank,Kreissparkasse Esslingen-Nürtingen,Q1492852,partial,,,https://www.ksk-es.de/de/home/aktionen/informationen-zum-coronavirus.html,https://www.ksk-es.de/de/home/toolbar/filialen.html
DE,bank,Kreissparkasse Heilbronn,Q1787781,partial,,,https://www.sparkasse-heilbronn.de/de/home/aktionen/corona.html,https://www.sparkasse-heilbronn.de/de/home/service/filiale-finden.html
DE,bank,Kreissparkasse Köln,Q1787788,partial,,,https://www.ksk-koeln.de/de/home/aktionen/informationen-zum-coronavirus.html,https://www.ksk-koeln.de/de/home/service/filiale-finden.html
DE,bank,Kreissparkasse Ludwigsburg,Q1787791,partial,,,https://www.ksklb.de/de/home/aktionen/informationen-zum-coronavirus.html,https://www.ksklb.de/de/home/service/filiale-finden.html
DE,bank,Kreissparkasse München Starnberg Ebersberg,Q1787798,partial,,,https://www.kskmse.de/de/home/aktionen/informationen-zum-coronavirus.html,https://www.kskmse.de/de/home/toolbar/filialen.html
DE,bank,Kreissparkasse Ostalb,Q1787800,partial,,,https://www.ksk-ostalb.de/de/home/aktionen/informationen-zum-coronavirus.html,https://www.ksk-ostalb.de/de/home/toolbar/filialen.html
DE,bank,Kreissparkasse Waiblingen,Q1787814,partial,,,https://www.kskwn.de/de/home/aktionen/informationen-zum-coronavirus.html,https://www.kskwn.de/de/home/ihre-sparkasse/oeffnungszeiten.html
DE,bank,Landessparkasse zu Oldenburg,Q1802620,open_adapted,,,https://www.lzo.com/de/home/aktionen/corona.html,https://www.lzo.com/de/home/kunden-service/filiale-finden.html
DE,bank,Mittelbrandenburgische Sparkasse,Q1940058,partial,,,https://www.mbs.de/de/home/aktionen/informationen-zum-coronavirus.html,https://www.mbs.de/de/home/toolbar/filialen.html
DE,bank,Nassauische Sparkasse,Q1751833,partial,,,https://www.naspa.de/de/home/aktionen/informationen-zum-coronavirus.html,https://www.naspa.de/de/home/service/filiale-finden.html
DE,bank,Ostsächsische Sparkasse Dresden,Q2036125,partial,,,https://www.ostsaechsische-sparkasse-dresden.de/de/home/aktuelles.html,https://www.ostsaechsische-sparkasse-dresden.de/de/home/ihre-sparkasse/fahrbare-filialen.htmlnk.de/hvb/kontaktwege/filiale
DE,bank,Santander,Q875292,partial,,,https://www.santander.de/privatkunden/service-kontakt/information/corona/,https://www.santander.de/standortsuche
DE,bank,Sparkasse Aachen,Q2307270,partial,,,https://www.sparkasse-aachen.de/de/home/aktionen/informationen-zum-coronavirus_ac.html,https://www.sparkasse-aachen.de/de/home/service/filiale-finden.html
DE,bank,Sparkasse Aschaffenburg-Alzenau,Q2307290,partial,,,https://www.spk-aschaffenburg.de/de/home/aktionen-sparkasse/module/corona-faq.html,https://www.spk-aschaffenburg.de/de/home/service/filiale-finden.html
DE,bank,Sparkasse Erlangen Höchstadt Herzogenaurach,Q2326324,partial,,,https://www.sparkasse-erlangen.de/de/home/aktionen/informationen-zum-coronavirus.html,https://www.sparkasse-erlangen.de/de/home/toolbar/filialen.html
DE,bank,Sparkasse Hanauerland,Q2307444,partial,,,https://www.sparkasse-kehl.de/de/home/aktionen/informationen-zum-coronavirus.html,https://www.sparkasse-kehl.de/de/home/toolbar/filialen.html?n=true
DE,bank,Sparkasse Hannover,Q2307451,partial,,,https://www.sparkasse-hannover.de/de/home/aktionen/informationen-zum-coronavirus.html,https://www.sparkasse-hannover.de/de/home/filiale-oeffnungszeiten.html
DE,bank,Sparkasse Heidelberg,Q1443207,partial,,,https://www.sparkasse-heidelberg.de/de/home/aktionen/informationen-zum-coronavirus.html,https://www.sparkasse-heidelberg.de/de/home/toolbar/filialen.html
DE,bank,Sparkasse Hildesheim Goslar Peine,Q2307468,partial,,,https://www.sparkasse-hgp.de/de/home/aktionen/informationen-zum-coronavirus.html,https://www.sparkasse-hgp.de/de/home/ihre-sparkasse/Oeffnungszeiten.html
DE,bank,Sparkasse KölnBonn,Q1681035,partial,,,https://www.sparkasse-koelnbonn.de/de/home/aktionen/kundeninformation-coronavirus.html,https://www.sparkasse-koelnbonn.de/de/home/service/filiale-finden.html
DE,bank,Sparkasse Krefeld,Q15848092,partial,,,https://www.sparkasse-krefeld.de/de/home/aktionen/informationen-zum-coronavirus.html,https://www.sparkasse-krefeld.de/de/home/toolbar/filialen.html
DE,bank,Sparkasse Leipzig,Q2307533,partial,,,https://www.sparkasse-leipzig.de/de/home/aktionen/informationen-zum-coronavirus.html,https://www.sparkasse-leipzig.de/de/home/service/filiale-finden.html
DE,bank,Sparkasse Mainfranken Würzburg,Q2307545,partial,,,https://www.sparkasse-mainfranken.de/de/home/ihre-sparkasse/coronavirus-information.html,https://www.sparkasse-mainfranken.de/filialen
DE,bank,Sparkasse Nürnberg,Q2307586,partial,,,https://www.sparkasse-nuernberg.de/de/home/aktionen/informationen-zum-coronavirus.html,https://www.sparkasse-nuernberg.de/de/home/aktionen/informationen-zum-coronavirus/ak-gs-oeffnungsezeiten-corona.html
DE,bank,Sparkasse Paderborn-Detmold,Q2307609,partial,,,https://www.sparkasse-paderborn-detmold.de/de/home/aktionen/informationen-zum-coronavirus.html,https://www.sparkasse-paderborn-detmold.de/de/home/toolbar/filialen.html
DE,bank,Sparkasse Pforzheim Calw,Q2307618,partial,,,https://www.sparkasse-pforzheim-calw.de/de/home/aktionen/informationen-zum-coronavirus.html,https://www.sparkasse-pforzheim-calw.de/de/home/toolbar/filialen.html
DE,bank,Sparkasse Saarbrücken,Q2307655,partial,,,https://www.sparkasse-saarbruecken.de/de/home/aktionen/informationen-zum-coronavirus.html,https://www.sparkasse-saarbruecken.de/de/home/service/filiale-finden.html
DE,bank,Sparkasse Schweinfurt-Haßberge,Q2307665,partial,,,https://www.sparkasse-sw-has.de/de/home/aktionen/informationen-zum-coronavirus.html,https://www.sparkasse-sw-has.de/de/home/toolbar/filialen.html
DE,bank,Sparkasse Ulm,Q18630954,partial,,,https://www.sparkasse-ulm.de/de/home/ihre-sparkasse/coronavirus.html,https://www.sparkasse-ulm.de/de/home/service/filiale-finden.html
DE,bank,Sparkasse Vorpommern,Q2307709,partial,,,https://www.spk-vorpommern.de/de/home/aktionen/corona.html,https://www.spk-vorpommern.de/de/home/aktionen/oeffnungszeiten_corona.html
DE,bank,Sparkasse Westmünsterland,Q1567929,partial,,,https://www.sparkasse-westmuensterland.de/de/home/aktionen/informationen-zum-coronavirus.html,https://www.sparkasse-westmuensterland.de/de/home/toolbar/filialen.html
DE,bank,Stadtsparkasse München,Q1438593,partial,,,https://www.sskm.de/de/home/aktionen/aktuelle-kundeninformation-coronavirus.html,https://www.sskm.de/de/home/service/filiale-finden.html
DE,bank,Volksbank Bühl,Q18397161,partial,,,,https://www.volksbank-buehl.de/ihre-volksbank/beratungscenter-ansprechpartner/beratungscenter/uebersicht-beratungscenter.html
DE,books,Hugendubel,Q1634142,closed,,,https://www.hugendubel.de/de/category/90701/filialen.html,
DE,books,Mayersche,Q1462383,closed,,,https://twitter.com/Mayersche/status/1240541647462699008,
DE,books,Osiander,Q1800686,partial,Mo-Sa 11:00-18:00,Nur Abholung.,https://www.osiander.de/service/abholung_versand.cfm,
DE,books,Pustet,Q1461605,closed,,,https://www.pustet.de/shop/magazine/49701/filialen_oeffnungszeiten.html,
DE,books,Rupprecht,Q89431762,closed,,,https://www.rupprecht.de/shop/magazine/148419/aktuelle_situation.html,
DE,books,Thalia,Q2408854,partial,Mo-Sa 10:00-13:00,Nur Abholung in ausgewählten Filialen.,https://www.thalia.de/shop/information/show/,
DE,books,Weltbild,Q883522,closed,,,https://www.weltbild.de/service/filialen,
DE,car_rental,Avis,Q791136,partial,,,https://www.avis.de/avis-coronavirus-advice,https://www.avis.de/avis-coronavirus-advice
DE,car_rental,Buchbinder,Q89432097,partial,,,https://www.buchbinder.de/de/coronavirus/,https://www.buchbinder.de/de/stationen/
DE,car_rental,Enterprise,Q17085454,partial,,,https://www.enterprise.de/de/hilfe/notifications/advisory.html,https://www.enterprise.de/de/autovermietung/standorte/deutschland.html
DE,car_rental,Europcar,Q1376256,partial,,,https://www.europcar.de/wichtige-informationen,https://www.europcar.de/standorte
DE,car_rental,Hertz,Q1543874,partial,,,https://www.hertz.de/rentacar/misc/index.jsp?targetPage=coronavirus_travel_safety_tips.xml,https://www.hertz.de/rentacar/location
DE,car_rental,Sixt,Q705664,partial,,,https://www.sixt.de/magazine/news/aktuelle-informationen-zum-coronavirus-covid-19/,https://www.sixt.de/mietwagen/
DE,car_repair,A.T.U,Q784721,closed,,,https://www.atu.de/pages/corona.html,
DE,car_repair,Carglass,Q1035997,open,,,https://www.carglass.de/corona,https://www.carglass.de/standorte
DE,car_repair,Pitstop,Q1310014,open,,,https://www.pitstop.de/,
DE,chemist,dm,Q266572,open_adapted,,,https://www.dm.de/fuereinander/,https://www.dm.de/store/
DE,chemist,Müller,Q1958759,open,,,https://www.mueller.de/aktuelles/aktuelle-information/,https://www.mueller.de/meine-filiale/
DE,chemist,Rossmann,Q316004,open,,,https://www.rossmann.de/de/das-wir-zaehlt,https://www.rossmann.de/de/filialen/index.html
DE,doityourself,Bauhaus,Q672043,partial,,,https://www.bauhaus.info/aktuelle-lage,https://www.bauhaus.info/aktuelle-lage/fachcentren
DE,doityourself,BayWa,Q812055,partial,,,https://www.baywa-baumarkt.de/cms/de/LP/aktuelle-situation-bei-baywa.htm,https://www.baywa-baumarkt.de/cms/de/Standorte.htm
DE,doityourself,Globus Baumarkt,Q457503,partial,,,https://www.globus-baumarkt.de/aktuelle-infos/#maerkte,https://www.globus-baumarkt.de/
DE,doityourself,Hagebau,Q1568279,partial,,,https://www.hagebau.de/marktfinder/,https://www.hagebau.de/marktfinder/
DE,doityourself,Hornbach,Q685926,partial,,,https://www.hornbach.de/mein-markt/aktuelle-infos-zu-ihrem-einkauf-und-zur-lage/,https://www.hornbach.de/mein-markt/
DE,doityourself,OBI,Q300518,partial,,,https://www.obi.de/corona/markt-infos/,https://www.obi.de/corona/markt-infos/
DE,doityourself,toom Baumarkt,Q2442970,partial,,,https://toom.de/aktionen/aktuelle-informationen/,https://toom.de/aktionen/aktuelle-informationen/
DE,fuel,Agip,Q377915,open,,,,https://stationfinder.agipstation.de/
DE,fuel,Aral,Q565734,open,,,https://www.aral.de/de/global/retail/ueber-aral/wir-sind-fuer-sie-da.html,https://mein.aral.de/tankstellenfinder
DE,fuel,Avia,Q300147,open,,,,https://www.avia.de/avia-tanken/tankstellen/tankstellen-suche.html
DE,fuel,bft,Q1009104,partial,,,,https://www.bft.de/tankstellenfinder
DE,fuel,Classic,Q33127117,open,,,,https://classic-oil.de/tankstellen/unsere-tankstellen/
DE,fuel,Esso,Q867662,open,,,https://www.esso.de/coronavirus,https://www.esso.de/stations
DE,fuel,HEM,Q1563517,open,,,,https://www.hem-tankstelle.de/produkteundservices/tankstellenfinder
DE,fuel,Hoyer,Q1606119,open,,,,https://www.hoyer-tankstellen.de/tankstellen
DE,fuel,Jet,Q568940,open,,,https://www.jet-tankstellen.de/,https://www.jet-tankstellen.de/kraftstoff/filialfinder/
DE,fuel,OMV,Q168238,open,,,https://www.omv.de/de-de/tankstellen/fur-sie-da,https://www.omv.de/de-de/tankstellen/tankstellenfinder
DE,fuel,Q1,Q2121146,open,,,,https://www.q1.eu/de/tankstellen/tankstellenfinder
DE,fuel,Raiffeisen,,open,,,,https://www.raiffeisentankstelle.de/standorte/suche/
DE,fuel,Shell,Q154950,open_adapted,,,https://www.shell.de/covid19/shell-tankstellen-bleiben-weitgehend-geoeffnet.html,https://www.shell.de/autofahrer/shell-station-locator.html
DE,fuel,star,Q89432390,open,,,https://www.star.de/187/corona-virus-aktuelle-informationen/,https://www.star.de/service/tankstellenfinder
DE,fuel,Total,Q154037,open,,,https://www.total.de/,https://www.total.de/tankstellen/tankstellenfinder
DE,fuel,Westfalen,Q1411209,open,,,,https://westfalen.com/de/de/tankstellen-mobilitaet/
DE,garden_centre,Dehner,Q1183029,partial,,,https://www.dehner.de/aktuelle-informationen/,https://www.dehner.de/market/
DE,garden_centre,Raiffeisen-Markt,,open,,,,https://www.raiffeisenmarkt.de/AjaxStoreLocatorDisplayView?catalogId=10051&langId=-3&storeId=10151
DE,garden_centre,ZG Raiffeisen,Q136135,open,,,https://www.zg-raiffeisen.de/maerkte/news/zg-raiffeisen-niederlassungen-trotz-krise-geoeffnet,https://www.zg-raiffeisen.de/maerkte
DE,optician,Apollo Optik,Q618940,partial,,,https://www.apollo.de/lp/corona-information,https://filialen.apollo.de/
DE,optician,Fielmann,Q457822,partial,,,https://www.fielmann.de/,https://www.fielmann.de/niederlassungen/
DE,stationery,McPaper,Q1915329,partial,,,,
DE,stationery,Staples,Q785943,partial,,,https://www.staples.de/Content/Static/corona-information/coronainformation.cshtml,https://www.staples.de/Content/Static/corona-information/coronainformation.cshtml
DE,supermarket,Aldi Nord,Q125054,open,,,https://www.aldi-nord.de/tools/rueckrufe/hinweis-filialoeffnung.html,https://www.aldi-nord.de/tools/filialen-und-oeffnungszeiten.html
DE,supermarket,Aldi,,open,,,,
DE,supermarket,Aldi Süd,Q41171672,open,,,https://www.aldi-sued.de/de/infos/gemeinsam-geht-alles/,https://www.aldi-sued.de/filialen/
DE,supermarket,Alnatura,Q876811,open_adapted,,,https://www.alnatura.de/de-de/m%C3%A4rkte/gemeinsamfueralle,https://www.alnatura.de/de-de/m%C3%A4rkte/filialfinder
DE,supermarket,Basic,Q809994,open_adapted,,,https://basicbio.de/,https://basicbio.de/de-DE/Maerkte
DE,supermarket,Bio Company,Q864179,open_adapted,,,https://www.biocompany.de/neuigkeiten/hinweise.html,https://www.biocompany.de/bio-company-markt-finden/
DE,supermarket,Combi,Q1113618,open,,,https://www.combi.de/,https://www.combi.de/UnsereMaerkte/Marktsuche
DE,supermarket,denn's Biomarkt,Q48883773,open_adapted,,,,https://www.denns-biomarkt.de/
DE,supermarket,EDEKA,Q701755,open,,,https://www.edeka.de/,https://www.edeka.de/marktsuche.jsp
DE,supermarket,Kaufland,Q685967,open,,,https://www.kaufland.de/,https://www.kaufland.de/service/filiale.html
DE,supermarket,Konsum Dresden,Q1618877,open_adapted,,,https://www.konsum.de/,https://www.konsum.de/konsum-frida/standorte-oeffnungszeiten/
DE,supermarket,Konsum Leipzig,Q1468147,open_adapted,,,https://www.konsum-leipzig.de/,https://www.konsum-leipzig.de/maerkte
DE,supermarket,LIDL,Q151954,open,,,https://www.lidl.de/,https://www.lidl.de/de/filialsuche/
DE,supermarket,Markant,Q57523365,open_adapted,,,,https://www.mein-markant.de/mein-markt/unsere-maerkte/
DE,supermarket,Marktkauf,Q1533254,open_adapted,,,,https://marktkauf.de/market-locator
DE,supermarket,Metro,Q169167,open,,,,https://www.metro.de/standorte/
DE,supermarket,Nahkauf,Q57515238,open,,,https://www.rewe.de/auf-uns-ist-verlass/,https://www.nahkauf.de/maerkte
DE,supermarket,Netto Marken-Discount,Q879858,open,,,https://www.netto-online.de/ueber-netto/Wichtige-Information.chtm,https://www.netto-online.de/filialfinder
DE,supermarket,Netto,Q552652,open_adapted,,,https://netto.de/,https://netto.de/marktsuche/
DE,supermarket,Norma,Q450180,open,,,https://www.norma-online.de/de/angebote/,https://www.norma-online.de/de/filialfinder/
DE,supermarket,Penny,Q284688,open,,,https://www.penny.de/unternehmen/info-zum-corona-virus/,https://www.penny.de/marktsuche/
DE,supermarket,real,Q698473,open_adapted,,,https://www.real.de/markt/,https://www.real.de/markt/
DE,supermarket,REWE,Q16968817,open,,,https://www.rewe.de/auf-uns-ist-verlass,https://www.rewe.de/marktseite/
DE,supermarket,tegut,Q1547993,open_adapted,,,https://www.tegut.com/newsticker-corona,https://www.tegut.com/maerkte.html
DE,supermarket,Wasgau,Q2536857,open_adapted,,,,https://wasgau-ag.de/wasgau-frischemarkt/
ES,bag,Carpisa,Q28035409,closed,,,,
ES,bag,Samsonite,Q1203426,closed,,,,
ES,bank,ABANCA,Q9598744,open,,Un cliente por empleado,https://www.abanca.com/es/cuidemonos/,
ES,bank,Banca March,Q578252,open,,,https://www.bancamarch.es/es/conexion,
ES,bank,Banco Pastor,Q806193,partial,Mo-Fr 08:15-14.00,,https://www.bancosantander.es/es/oficinas-operativas?campana=comunicacion_oficinas&origen=home_particulares&posicion=banner_destacado&contenido=lupa,
ES,bank,Banco Popular,Q537259,partial,Mo-Fr 08:30-14:30,,https://www.bancosantander.es/es/oficinas-operativas?campana=comunicacion_oficinas&origen=home_particulares&posicion=banner_destacado&contenido=lupa,
ES,bank,Banco Sabadell,Q762330,open,Mo-Fr 08:15-14.00,,https://www.bancsabadell.com/cs/Satellite/SabAtl/Oficines/1191332199103/es/#,
ES,bank,Banco Santander,Q6496310,partial,Mo-Fr 08:30-14:30,,https://www.bancosantander.es/es/oficinas-operativas?campana=comunicacion_oficinas&origen=home_particulares&posicion=banner_destacado&contenido=lupa,
ES,bank,Banesco,Q4854841,open,,Un cliente por empleado,https://www.abanca.com/es/cuidemonos/,
ES,bank,Bankia,Q806807,open,Mo-Fr 08:15-14:15,,https://www.bankia.es/es/particulares/oficinas-y-cajeros,
ES,bank,Bankinter,Q806808,partial,,"Banca Online, cajeros, sólo algunas oficinas abiertas",https://bancaonline.bankinter.com/publico/buscador_oficinas_cajeros.xhtml,
ES,bank,Barclays,Q245343,partial,Mo-Fr 8.30-14.30,algunas oficinas cerradas,https://www2.caixabank.es/apl/localizador/caixamaps/index_es.html,
ES,bank,BBVA,Q806189,open,Mo-Fr 08:30-14:15,,https://www.bbva.es/general/localizador-oficinas-cajeros/index.jsp,
ES,bank,BBVA Compass,Q4835088,open,Mo-Fr 08:30-14:15,,https://www.bbva.es/general/localizador-oficinas-cajeros/index.jsp,
ES,bank,BMN,Q3754900,open,Mo-Fr 08:15-14:15,,https://www.bankia.es/es/particulares/oficinas-y-cajeros,
ES,bank,Caixa Geral,Q1026044,open,,Un cliente por empleado,https://www.abanca.com/es/cuidemonos/,
ES,bank,Caixabank,Q847225,partial,Mo-Fr 8:30-14:30,algunas oficinas cerradas,https://www2.caixabank.es/apl/localizador/caixamaps/index_es.html,
ES,bank,Caixabank,Q287753,partial,Mo-Fr 8:30-14:30,algunas oficinas cerradas,https://www2.caixabank.es/apl/localizador/caixamaps/index_es.html,
ES,bank,Caja Rural,Q3649971,open,Mo-Fr 8:30-14:00,,http://www.cajaruraldeasturias.com/cms/estatico/rvia/asturias/ruralvia/es/particulares/campanas/2020/Covid19/covid19.html,
ES,bank,Cajamar,Q8254971,open_adapted,Mo-Fr 09:00-13:00,,https://www.cajamar.es/es/comun/,
ES,bank,CajaSur,Q3751637,partial,Mo-Fr 8:30-14:30,Algunas oficinas cerradas,https://portal.cajasur.es/cs/Satellite/cajasur/es/particulares-0/oficinas-y-cajeros-0,
ES,bank,CatalunyaCaixa,Q3750952,open_adapted,Mo-Fr 08:30-14:15,,https://www.bbva.es/general/localizador-oficinas-cajeros/index.jsp,
ES,bank,Deutsche Bank,Q66048,open_adapted,Mo-Fr 8:30-14:15,,https://www.db.com/spain/es/content/3817.html,
ES,bank,Ibercaja,Q5907815,partial,Mo-Fr 08:15-14:00,Algunas oficinas cerradas,https://www.ibercaja.es/oficinas/,
ES,bank,ING,Q645708,partial,Mo-Fr 8:00-14:00,Algunas oficinas cerradas,https://www.ing.es/oficinas-cajeros/barcelona/oficina-diagonal,
ES,bank,Kutxabank,Q5139377,partial,Mo-Fr 8:30-14:00 ,Algunas oficinas cerradas,https://portal.kutxabank.es/cs/Satellite/kb/es/web/oficinas_y_cajeros,
ES,bank,Laboral Kutxa,Q12052386,open_adapted,Mo-Fr 8:30-11:00,Ruegan que se pida cita previa,https://www.laboralkutxa.com/es/particulares,
ES,bank,Liberbank,Q2891018,partial,,Algunas oficinas abiertas con cita previa,https://www.liberbank.es/cuidemonos-covid19,
ES,bank,Novo Banco,Q17488861,partial,Mo-Fr 08:30-14:00,Algunas oficinas cerradas,https://www.novobanco.es/site/cms.aspx?labelid=RedOficinas,
ES,bank,Popular,Q7229656,partial,Mo-Fr 08:30-14:30,,https://www.bancosantander.es/es/oficinas-operativas?campana=comunicacion_oficinas&origen=home_particulares&posicion=banner_destacado&contenido=lupa,
ES,bank,Santander,Q5835668,partial,Mo-Fr 08:30-14:30,,https://www.bancosantander.es/es/oficinas-operativas?campana=comunicacion_oficinas&origen=home_particulares&posicion=banner_destacado&contenido=lupa,
ES,bank,Targobank,Q1455437,open,Mo-Fr 08:30-14:00,,https://www.targobank.es/es/particulares/proteger/coronavirusylaspersonas.html,
ES,bank,Unicaja Banco,Q2543704,partial,,,https://www.unicajabanco.com/es/informacion-sobre-acceso-a-canales-y-servicios,
ES,bank,Unicaja Banco,Q3821055,partial,,,https://www.unicajabanco.com/es/informacion-sobre-acceso-a-canales-y-servicios,
ES,bank,Unicaja Banco,Q966985,partial,,,https://www.unicajabanco.com/es/informacion-sobre-acceso-a-canales-y-servicios,
ES,beauty,Yves Rocher,Q28496595,closed,,,,
ES,bicycle,Trek,Q1067617,closed,,,,
ES,books,Fnac,Q676585,closed,,,https://www.diarimes.com/es/noticias/actualidad/2020/03/14/fnac_cierra_todas_las_tiendas_del_estado_por_coronavirus_78329_1095.html,
ES,cafe,Costa,Q608845,closed,,,,
ES,cafe,Le Pain Quotidien,Q2046903,closed,,,,
ES,cafe,Starbucks,Q37158,closed,,,,
ES,cafe,Tim Hortons,Q175106,closed,,,,
ES,car,Audi,Q23317,closed,,,,
ES,car,BMW,Q26678,closed,,,,
ES,car,Dacia,Q27460,closed,,,,
ES,car,Fiat,Q27597,closed,,,,
ES,car,Hyundai,Q55931,closed,,,,
ES,car,Jeep,Q30113,closed,,,,
ES,car,Kia,Q35349,closed,,,,
ES,car,Land Rover,Q35907,closed,,,,
ES,car,Lexus,Q35919,closed,,,,
ES,car,Mazda,Q35996,closed,,,,
ES,car,Mercedes-Benz,Q36008,closed,,,,
ES,car,Mitsubishi,Q36033,closed,,,,
ES,car,Nissan,Q20165,closed,,,,
ES,car,Opel,Q40966,closed,,,,
ES,car,Peugeot,Q6742,closed,,,,
ES,car,Porsche,Q40993,closed,,,,
ES,car,Renault,Q6686,closed,,,,
ES,car,Seat Sala Rodriguez Alicante,Q188217,closed,,,,
ES,car,Skoda,Q29637,closed,,,,
ES,car,Subaru,Q172741,closed,,,,
ES,car,Toyota,Q53268,closed,,,,
ES,car,Volkswagen Sala Hermanos Alicante,Q246,closed,,,,
ES,car,Volvo,Q215293,closed,,,,
ES,car_rental,Avis,Q791136,partial,,,https://www.avis.es/avis-coronavirus-advice,
ES,car_rental,Budget,Q1001437,partial,,,https://www.budget.es/aviso-clientes-budget-sobre-coronavirus,
ES,car_rental,Enterprise,Q17085454,partial,,,https://www.enterprise.es/es/ayuda/notifications/branch-closure-notification.html#,
ES,car_rental,Europcar,Q1376256,partial,,,https://www.europcar.es/informacionimportante/covid,
ES,car_rental,Hertz,Q1543874,partial,,,https://www.hertz.es/rentacar/misc/index.jsp?targetPage=coronavirus_travel_safety_tips.xml,
ES,car_rental,Sixt,Q705664,partial,,"Solo abiertas oficinas localizadas en los aeropuertos de Barcelona, Madrid y Málaga",https://www.sixt.es/magazine/novedades/informacion-actual-viajes/,
ES,car_repair,Carglass,Q1035997,closed,,,https://www.infotaller.tv/chapa_y_pintura/Carglass-suma-centros-cierran-coronavirus_0_1420357961.html,
ES,car_repair,Citroën,Q6746,partial,,Algunas oficinas abiertas,https://www.citroen.es/citroen-y-tu/red-oficial-citroen.html,
ES,car_repair,Euromaster,Q3060668,partial,,,https://www.euromaster-neumaticos.es/coronavirus,
ES,car_repair,Feu Vert,Q3070922,closed,,,,
ES,car_repair,First Stop,Q3072965,partial,,Algunas oficinas abiertas,https://www.firststop.es/es/abiertosdemaneraextrordinaria?fbclid=IwAR1WNK_pGY2QVYKUAwWmPiiMj6bFgwl73HF7KfrZ0-hLOEXqpLDjpMVS_PY,
ES,car_repair,Ford,Q44294,partial,,Algunas oficinas abiertas,https://www.ford.es/informacion-util/covid-19,
ES,car_repair,Midas,Q3312613,closed,,,https://www.midas.es/purchase-guides/quedateencasa,
ES,car_repair,Norauto,Q3317698,closed,,,,
ES,charging_station,ChargePoint,Q5176149,open,,Potencia reducida,https://es.chargepoint.com/charge_point,
ES,charging_station,Tesla Supercharger,Q17089620,open,,,https://www.tesla.com/es_ES/findus/list/superchargers/Spain?redirect=no,
ES,chemist,Clarel,Q48784350,open_adapted,Mo-Sa 09:00-19:00,,https://www.clarel.es/,
ES,chemist,Clarel,Q48784350,open_adapted,Mo-Sa 09:00-19:00,,https://www.clarel.es/,
ES,chemist,Müller,Q1958759,open_adapted,,,https://www.mueller.es/actualidad/comunicado-covid-19/?itm_content=kw12&itm_medium=slideshow&itm_campaign=gemeinsam-stark&itm_position=startseite,
ES,clinic,Asepeyo,Q11906879,open,,Solo urgencias sanitarias,https://www.asepeyo.es/informacion-sobre-el-coronavirus/#Atencion_en_nuestros_centros_asistenciales,
ES,clothes,Bershka,Q827258,closed,,,https://www.elespanol.com/quincemil/articulos/actualidad/coronavirus-inditex-cierra-sus-1600-tiendas-en-espana,
ES,clothes,Betty Barclay,Q850250,closed,,,,
ES,clothes,Brooks Brothers,Q929722,closed,,,,
ES,clothes,Burberry,Q390107,closed,,,,
ES,clothes,C&A,Q701338,closed,,,,
ES,clothes,Calzedonia,Q1027874,closed,,envíos gratis hasta el 13/04,,
ES,clothes,Celio,Q2672003,closed,,,,
ES,clothes,COS,Q60772401,closed,,,,
ES,clothes,Desigual,Q83750,closed,,,,
ES,clothes,Diesel,Q158285,closed,,,,
ES,clothes,Esprit,Q532746,closed,,,,
ES,clothes,Etam,Q3059202,closed,,,,
ES,clothes,Forever 21,Q1060537,closed,,,,
ES,clothes,G-Star Raw,Q1484081,closed,,,,
ES,clothes,Gerry Weber,Q873447,closed,,,,
ES,clothes,Guess,Q2470307,closed,,,,
ES,clothes,H&M,Q188326,closed,,,,
ES,clothes,Hollister,Q1257477,closed,,,,
ES,clothes,Hugo Boss,Q491627,closed,,,,
ES,clothes,Hunkem√∂ller,Q2604175,closed,,,,
ES,clothes,Intimissimi,Q305404,closed,,,,
ES,clothes,Jack & Jones,Q6077665,closed,,,,
ES,clothes,Kiabi,Q3196299,closed,,,,
ES,clothes,Lacoste,Q309031,closed,,,,
ES,clothes,Levi's,Q127962,closed,,,,
ES,clothes,Louis Vuitton,Q191485,closed,,,,
ES,clothes,Mango,Q136503,closed,,,,
ES,clothes,Marks & Spencer,Q714491,closed,,,,
ES,clothes,Massimo Dutti,Q788231,closed,,,,
ES,clothes,Max Mara,Q1151774,closed,,,,
ES,clothes,Michael Kors,Q19572998,closed,,,,
ES,clothes,Mustang,Q221562,closed,,,,
ES,clothes,Naf Naf,Q3334188,closed,,,,
ES,clothes,New Yorker,Q706421,closed,,,,
ES,clothes,Nike,Q483915,closed,,,,
ES,clothes,Oka√Ødi,Q3350027,closed,,,,
ES,clothes,Orchestra,Q28042940,closed,,,,
ES,clothes,OVS,Q2042514,closed,,,,
ES,clothes,Oysho,Q3327046,closed,,,,
ES,clothes,Pepe Jeans,Q426992,closed,,,,
ES,clothes,Pimkie,Q1758066,closed,,,,
ES,clothes,Primark,Q137023,closed,,,,
ES,clothes,Promod,Q3407429,closed,,,,
ES,clothes,Pull & Bear,Q691029,closed,,,,
ES,clothes,Puma,Q157064,closed,,,,
ES,clothes,Quiksilver,Q1329463,closed,,,,
ES,clothes,Scotch & Soda,Q17141914,closed,,,,
ES,clothes,Sergent Major,Q62521738,closed,,,,
ES,clothes,Springfield,Q958209,closed,,,,
ES,clothes,Stradivarius,Q3322945,closed,,,,
ES,clothes,Superdry,Q1684445,closed,,,,
ES,clothes,The North Face,Q152784,closed,,,,
ES,clothes,Timberland,Q1539185,closed,,,,
ES,clothes,Tommy Hilfiger,Q634881,closed,,,,
ES,clothes,Uniqlo,Q26070,closed,,,,
ES,clothes,United Colors of Benetton,Q817139,closed,,,,
ES,clothes,Vero Moda,Q594721,closed,,,,
ES,clothes,Victoria's Secret,Q332477,closed,,,,
ES,clothes,Women'secret,Q16648226,closed,,,,
ES,clothes,Yamamay,Q2599214,closed,,,,
ES,clothes,Zara,Q147662,closed,,,,
ES,clothes,Zeeman,Q184399,closed,,,,
ES,coffee,Nespresso,Q301301,closed,,,https://www.nespresso.com/es/es/home,
ES,cosmetics,KIKO Milano,Q3812045,closed,,,https://www.kikocosmetics.com/es-es/,
ES,dentist,Vitaldent,Q5860599,partial,,,https://www.vitaldent.com/es/clinicas-abiertas-covid-19/,
ES,doityourself,Bauhaus,Q672043,closed,,,https://www.bauhaus.es/,
ES,doityourself,Brico Dépôt,Q2889702,closed,,,https://www.bricodepot.es/venta-telefonica,
ES,doityourself,Leroy Merlin,Q889624,closed,,,https://ayuda.leroymerlin.es/articulos/article/KA-01135/es-es,
ES,dry_cleaning,5àsec,Q2817899,closed,,,https://www.5asec.es/,
ES,electronics,Apple Store,Q421253,closed,,,https://www.apple.com/es/,
ES,electronics,Darty,Q3117381,closed,,,https://www.diarimes.com/es/noticias/actualidad/2020/03/14/fnac_cierra_todas_las_tiendas_del_estado_por_coronavirus_78329_1095.html,
ES,electronics,Euronics,Q184860,closed,,,https://www.euronics.es/condiciones-excepcionales.html,
ES,electronics,Expert,Q680990,closed,,,https://www.ultimahora.es/noticias/local/2020/03/20/1150275/coronavirus-tiendas-expert-permaneceran-cerradas-durante-estado-alarma.html,
ES,electronics,Media Markt,Q2381223,closed,,,https://www.mediamarkt.es/,
ES,electronics,Worten,Q10394039,closed,,,https://sonitron.net/worten-cierre-tiendas-fisicas/,
ES,fashion_accessories,Bvlgari,Q752515,closed,,,,
ES,fashion_accessories,Claire's,Q2974996,closed,,,,
ES,fashion_accessories,Prada,Q193136,closed,,,,
ES,fast_food,Burger King,Q177054,closed,,,,
ES,fast_food,Carl's Jr.,Q1043486,closed,,,,
ES,fast_food,Domino's Pizza,Q839466,closed,,,,
ES,fast_food,Dunkin' Donuts,Q847743,closed,,,,
ES,fast_food,El Pollo Loco,Q2353849,closed,,,,
ES,fast_food,Five Guys,Q1131810,closed,,,,
ES,fast_food,KFC,Q524757,closed,,,,
ES,fast_food,McDonald's,Q38076,closed,,,,
ES,fast_food,Meson Sandwiches,Q5351585,closed,,,,
ES,fast_food,Panda Express,Q1358690,closed,,,,
ES,fast_food,Pans & Company,Q11697586,closed,,,,
ES,fast_food,Papa John's,Q2759586,closed,,,,
ES,fast_food,Pizza Móvil,Q12397697,closed,,,,
ES,fast_food,Pizza Pizza,Q1194143,closed,,,,
ES,fast_food,Pollo Campero,Q942741,closed,,,,
ES,fast_food,Subway,Q244457,closed,,,,
ES,fast_food,Taco Bell,Q752941,closed,,,,
ES,fast_food,Telepizza,Q2699863,closed,,,,
ES,fuel,Agip,Q377915,open,,,,
ES,fuel,Avia,Q300147,open,,,,
ES,fuel,BP,Q152057,open,,,,
ES,fuel,CAMPSA,Q1031623,open,,,,
ES,fuel,CEPSA,Q608819,open,,,,
ES,fuel,Costco Gasoline,Q715583,open,,,,
ES,fuel,Erg,Q739503,open,,,,
ES,fuel,GALP,Q1492739,open,,,,
ES,fuel,Petronor,Q1726547,open,,,,
ES,fuel,Repsol,Q174747,open,,,,
ES,fuel,Shell,Q154950,open,,,,
ES,fuel,Station Service E. Leclerc,Q1273376,open,,,,
ES,fuel,Tamoil,Q706793,open,,,,
ES,fuel,Total,Q154037,open,,,,
ES,furniture,Casa,Q1991755,closed,,,,
ES,furniture,Conforama,Q541134,closed,,,,
ES,furniture,IKEA,Q54078,closed,,,,
ES,furniture,JYSK,Q138913,closed,,,,
ES,furniture,Maisons du Monde,Q3280364,closed,,,,
ES,furniture,Roche Bobois,Q3437504,closed,,,,
ES,gift,Disney Store,Q1047009,closed,,,,
ES,hearing_aids,Amplifon,Q477222,closed,,Soporte telefónico,https://www.gaes.es/cuidamos-de-ti,
ES,ice_cream,Amorino,Q2843884,closed,,,,
ES,ice_cream,Hägen-Dazs,Q1143333,closed,,,,
ES,ice_cream,smöoy,Q21573945,closed,,,,
ES,insurance,Allianz,Q487292,closed,,,https://www.allianz.es/covid-19,
ES,insurance,Generali,Q670482,closed,,,https://www.generali.es/GENERALI-sequedaencasa,
ES,insurance,Mapfre,Q544532,partial,Mo-Fr 08:30-14:00,,https://www.mapfre.es/seguros/images/Estimados-clientes-aci_tcm744-598079.pdf,
ES,insurance,Ocaso,Q6123955,partial,Mo-Fr 8:00-15:00,,https://www.ocaso.es/es/informacion-covid-19,
ES,interior_decoration,Zara Home,Q3114054,closed,,,,
ES,jewelry,Bijou Brigitte,Q599545,closed,,,,
ES,jewelry,Pandora,Q2241604,closed,,,,
ES,jewelry,Swarovski,Q611115,closed,,,,
ES,jewelry,Tous,Q3815128,closed,,,,
ES,kitchen,Schmidt,Q3487620,closed,,,,
ES,laundry,LA Wash,,open,,,https://lawash.es/donde-estamos/,
ES,lottery,ONCE,Q1750397,closed,,,https://www.ultimahora.es/noticias/nacional/2020/03/15/1148853/coronavirus-suspendidos-todos-sorteos-loterias-once.html,
ES,lottery,Loterías y Apuestas del Estado,Q1311806,closed,,,https://www.loteriasyapuestas.es/f/loterias/noticias/Avisos/SELAE_coronavirus_cierre_publico_pago_premios_2932020.pdf,
ES,optician,Alain Afflelou,Q2829511,closed,,,https://www.afflelou.es/,
ES,optician,General Óptica,,closed,,,https://www.generaloptica.es/es/,
ES,optician,Specsavers,Q2000610,closed,,,https://www.specsavers.es/,
ES,pawnbroker,Cash Converters,Q5048645,closed,,,https://cashconverters.es/,
ES,post_office,Mail Boxes Etc.,Q1139182,closed,,,https://www.mbe.es/es,
ES,post_office,Oficina de Correos,Q776605,open_adapted,Mo-Sa 09:30-12:30,,https://www.correos.com/sala-prensa/correos-adopta-medidas-extraordinarias/#,
ES,pottery,Sargadelos,Q12390201,closed,,,,
ES,restaurant,100 Montaditos,Q8355805,closed,,,,
ES,restaurant,Autogrill,Q786790,closed,,,,
ES,restaurant,Bella Italia,Q4883362,closed,,,,
ES,restaurant,Buffalo Grill,Q944655,closed,,,,
ES,restaurant,Cafe Rio,Q5017108,closed,,,,
ES,restaurant,Cosmo,Q5174239,closed,,,,
ES,restaurant,Foster's Hollywood,Q5864366,closed,,,,
ES,restaurant,Hard Rock Cafe,Q918151,closed,,,,
ES,restaurant,Loving Hut,Q3491655,closed,,,,
ES,restaurant,Pizza Hut,Q191615,closed,,,,
ES,restaurant,TGI Friday's,Q1524184,closed,,,,
ES,restaurant,Tony Roma's,Q2213883,closed,,,,
ES,restaurant,Vips,Q48783378,closed,,,,
ES,restaurant,Wasabi,Q23891278,closed,,,,
ES,shoes,Bata,Q688082,closed,,,,
ES,shoes,Birkenstock,Q648458,closed,,,,
ES,shoes,Camper,Q1030922,closed,,,,
ES,shoes,Clarks,Q1095857,closed,,,,
ES,shoes,Converse,Q319515,closed,,,,
ES,shoes,Deichmann,Q664543,closed,,,,
ES,shoes,Foot Locker,Q63335,closed,,,,
ES,shoes,Geox,Q588001,closed,,,,
ES,shoes,Mephisto,Q822975,closed,,,,
ES,shoes,New Balance,Q742988,closed,,,,
ES,shoes,Skechers,Q2945643,closed,,,,
ES,shoes,Snipes,Q42306166,closed,,,,
ES,sports,Adidas,Q3895,closed,,,https://www.adidas.es/covid-19-statement,
ES,sports,Decathlon,Q509349,closed,,,,
ES,sports,Intersport,Q666888,closed,,,,
ES,sports,JD Sports,Q6108019,closed,,,,
ES,sports,Sports Direct,Q2913554,closed,,,,
ES,sports,Sprinter,Q6133465,closed,,,,
ES,supermarket,Alcampo,Q2832081,open_adapted,,,https://www.alcampo.es/compra-online/,
ES,supermarket,Aldi,Q125054,open_adapted,Mo-Sa 09:00-19:00,,https://www.elconfidencial.com/empresas/2020-04-03/horario-supermercados-protocolo-coronavirus_2500236/,
ES,supermarket,Alimerka,Q16482738,open_adapted,Mo-Sa 10:00-20:00,,https://www.alimerka.es/web/index.php/conoce-la-empresa/noticias/alimerka-comunica-sus-medidas-de-seguridad,
ES,supermarket,Caprabo,Q1980781,open_adapted,Mo-Sa 09:00-20:00,,https://www.caprabo.com/es/contenido/articulo/Informacion-de-los-horarios-de-los-establecimientos-Caprabo/,
ES,supermarket,Carrefour,Q217599,open_adapted,Mo-Sa 09:00-21:00,Aforo limitado,https://www.elconfidencial.com/empresas/2020-04-03/horario-supermercados-protocolo-coronavirus_2500236/,
ES,supermarket,Consum,Q8350308,open_adapted,Mo-Sa 10:00-20:00,,https://www.consum.es/,
ES,supermarket,Dia,Q925132,open_adapted,Mo-Sa 09:00-19:00,,https://www.elconfidencial.com/empresas/2020-04-03/horario-supermercados-protocolo-coronavirus_2500236/,
ES,supermarket,Eroski,Q1361349,open_adapted,Mo-Sa 09:00-20:00,,https://www.eroski.es/,
ES,supermarket,Eurospar,Q12309283,open_adapted,Mo-Sa 09:00-20:00,,https://spar.es/spar-lider-aliment-pagara-una-prima-de-200-euros-a-sus-trabajadores,
ES,supermarket,Froiz,Q17070775,open,,,https://www.froiz.com/,
ES,supermarket,Gadis,Q12389151,open,,,https://www.gadis.es/noticia/acciones-coronavirus-supermercados-gadis,
ES,supermarket,Lidl,Q151954,open_adapted,Mo-Sa 09:00-20:00,horario reducido y aforo limitado a 50 personas por cada tienda. Obligatorio usar guantes en las zonas de compra a granel.,https://www.elconfidencial.com/empresas/2020-04-03/horario-supermercados-protocolo-coronavirus_2500236/,
ES,supermarket,Mercadona,Q377705,open_adapted,Mo-Sa 09:00-19:00,,https://www.mercadona.es/,
ES,supermarket,Proxi,Q3408522,open,,,http://tiendasproxi.com/,
ES,supermarket,Spar,Q610492,open_adapted,Mo-Sa 09:00-20:00,,https://spar.es/spar-lider-aliment-pagara-una-prima-de-200-euros-a-sus-trabajadores,
ES,supermarket,Supercor,Q6135841,open_adapted,Mo-Sa 09:00-20:00,,https://www.elconfidencial.com/empresas/2020-04-03/horario-supermercados-protocolo-coronavirus_2500236/,
ES,toys,King Jouet,Q3197009,closed,,,,
ES,toys,Lego,Q1063455,closed,,,,
ES,toys,Toys R Us,Q696334,closed,,,,
ES,variety_store,Flying Tiger Copenhagen,Q2786319,closed,,,https://es.flyingtiger.com/,
ES,variety_store,GiFi,Q3105439,closed,,,,
ES,variety_store,Miniso,Q20732498,closed,,,,
ES,variety_store,TEDi,Q1364603,closed,,,,
ES,video_games,Game,Q5519813,closed,,,,
ES,video_games,GameStop,Q202210,closed,,,,
ES,watches,Rolex,Q62288,closed,,,,
ES,watches,Swatch,Q573422,closed,,,,
FR,alcohol,Nicolas,Q3340012,partial,,,https://www.nicolas.com/,https://www.nicolas.com/fr/reouverture-de-quelques-magasins-nicolas.html
FR,bakery,Boulangerie Louise,,open_adapted,Mo-Sa 08:00-19:00,,https://www.boulangerielouise.com/,
FR,bakery,Brioche Dorée,Q2925606,closed,,,https://www.briochedoree.fr/,
FR,bakery,Fischer,,partial,,,https://lu.fischer1913.com/fr/actualites,
FR,bakery,La Mie Câline,Q3210704,open_adapted,,,https://www.lamiecaline.com/fr/,
FR,bakery,La Mie de Pain,,open_adapted,,À emporter uniquement,https://www.facebook.com/lamiedepain,
FR,bakery,Marie Blachère,Q62082410,open_adapted,,Téléphoner pour obtenir les horaires,https://www.marieblachere.com/actualites/vos-boulangeries-face-au-covid-19/,
FR,bakery,Paul,Q3370417,partial,,,https://www.paul.fr/fr/,https://www.paul.fr/fr/nos-boutiques
FR,bakery,Sophie Lebreuilly,Q66372229,open_adapted,Mo-Sa 07:00-18:00;Su 07:00-14:00,,https://sophie-lebreuilly.com/actu/,
FR,bank,Banque Populaire,Q846647,partial,,Privilégier les échanges à distance,https://www.banquepopulaire.fr/portailinternet/Editorial/Informations/Pages/covid19/toujours-a-vos-cotes.aspx?vary=0-0-0,
FR,bank,Banque Populaire Grand Ouest,Q846647,partial,,Privilégier les échanges à distance,https://www.banquepopulaire.fr/portailinternet/Editorial/Informations/Pages/covid19/toujours-a-vos-cotes.aspx?vary=0-0-0,
FR,bank,BNP Paribas,Q499707,partial,,,https://mabanque.bnpparibas/rsc/contrib/pdf/EtreLaPourVous.pdf,
FR,bank,BRED,Q846647,open,,Privilégier les échanges à distance,https://www.banquepopulaire.fr/portailinternet/Editorial/Informations/Pages/covid19/toujours-a-vos-cotes.aspx?vary=0-0-0,
FR,bank,BRED Banque Populaire,Q846647,open,,Privilégier les échanges à distance,https://www.banquepopulaire.fr/portailinternet/Editorial/Informations/Pages/covid19/toujours-a-vos-cotes.aspx?vary=0-0-0,
FR,bank,Caisse d’Épargne,Q1547738,open,,Privilégier les canaux d’échanges numériques,https://www.caisse-epargne.fr/particuliers/au-quotidien/toujours-a-vos-cotes,
FR,bank,CIC,Q746525,open_adapted,,,https://www.cic.fr/fr/coronavirus-covid-19-cic-a-vos-cotes.html,
FR,bank,Crédit Agricole,Q590952,open_adapted,,,https://www.credit-agricole.com/chaines-d-infos/toutes-les-chaines-d-info-du-groupe-credit-agricole/a-la-une/covid-19-le-groupe-credit-agricole-se-mobilise,
FR,bank,Crédit Coopératif,Q3006190,partial,,,https://www.credit-cooperatif.coop/COVID-19-Credit-Cooperatif-et-vous,
FR,bank,Crédit du Nord,Q3006209,open,,,https://twitter.com/creditdunord/status/1241380358672781312,
FR,bank,Crédit Maritime,Q17176866,open,,Privilégier les échanges à distance,https://www.creditmaritime.fr/,
FR,bank,Crédit Mutuel,Q642627,open,,,https://www.creditmutuel.fr/fr/coronavirus-covid-19-credit-mutuel-a-vos-cotes.html,
FR,bank,Crédit Mutuel Arkéa,Q3006236,closed,,Services en ligne et contact possible par téléphone,https://www.arkea.com/banque/assurance/credit/accueil,
FR,bank,Crédit Mutuel de Bretagne,Q3006236,closed,,Services en ligne et contact possible par téléphone,https://www.arkea.com/banque/assurance/credit/accueil,
FR,bank,HSBC,Q3125186,partial,,,https://www.hsbc.fr/a-vos-cotes/coronavirus/,
FR,bank,La Banque Postale,Q3206431,open_adapted,,,https://www.labanquepostale.fr/particulier/actualites/covid19.html,
FR,bank,LCL,Q779722,open_adapted,,Préférer les échanges à distance,https://www.lcl.fr/vous-ne-pouvez-pas-vous-deplacer,
FR,bank,Société Générale,Q270363,partial,,"Ouvert le matin sur rendez-vous, l’après-midi contact uniquement par téléphone",https://particuliers.societegenerale.fr/articles-actualites/covid-19,
FR,bank,Société Marseillaise de Crédit,Q3488479,open,,,https://www.smc.fr/icd/static/wem/agora/smc/medias/20200319_CP_SMCmesuresCovid19.pdf,
FR,cafe,Starbucks,Q37158,closed,,,https://www.starbucks.fr/,
FR,car_rental,Ada,Q57313774,open,,,https://www.ada.fr/,
FR,car_rental,Alamo,Q1429287,partial,,,https://www.alamo.fr/alerte/,
FR,car_rental,Avis,Q791136,open,,,https://www.avis.fr/avis-coronavirus-advice,
FR,car_rental,Budget,Q1001437,partial,,,https://www.budget.fr/Informations-importantes-coronavirus,https://abg-my.sharepoint.com/:b:/p/x601862_em/EVwciUYw-lxOmxCkeyYMk-0BTcEO7xQHJNx5XVS2mE-WKQ?e=5vzaxM
FR,car_rental,Enterprise,Q17085454,partial,,,https://www.enterprise.fr/fr/aide/notifications/branch-closure-notification.html,
FR,car_rental,Europcar,Q1376256,partial,,,https://www.europcar.fr/,
FR,car_rental,Hertz,Q1543874,partial,,,https://www.hertz.fr/rentacar/misc/index.jsp?targetPage=coronavirus_travel_safety_tips.xml,http://images.hertz.com/pdfs/frFR/informations_agences.pdf
FR,car_rental,Rent A Car,Q3425574,partial,,,https://www.rentacar.fr/nos-dossiers/267-precaution-coronavirus,
FR,car_rental,Sixt,Q705664,open,,,https://www.sixt.fr/magazine/actualites/informations-actuelles-voyages/,
FR,car_rental,Ucar,,open_adapted,,,https://ucar.fr/Portals/_default/Skins/Ucar/Images/Engagement_UCAR_COVID19.pdf,
FR,car_repair,AD,Q18697078,partial,,,https://www.autodistribution.fr/,https://www.autodistribution.fr/magasins-pieces-auto
FR,car_repair,Autodistribution,Q18697078,partial,,,https://www.autodistribution.fr/,https://www.autodistribution.fr/magasins-pieces-auto
FR,car_repair,BestDrive,Q63057183,open_adapted,,Sur rendez-vous uniquement,https://bestdrive.fr/infos/covid-19.html,https://bestdrive.fr/infos/covid-19.html#map
FR,car_repair,Carglass,Q1035997,partial,,Sur rendez-vous uniquement dans un nombre restreint de centres,https://www.carglass.fr/prise-de-rendez-vous,
FR,car_repair,Citroën,Q6746,closed,,Contact par téléphone possible,https://www.citroen.fr/covid-19.html,
FR,car_repair,Étape Auto,,closed,,,https://www.etape-auto.fr/,
FR,car_repair,Euromaster,Q3060668,partial,,,https://www.euromaster.fr/particulier,https://www.euromastergroup.com/liste-centres-ouverts.pdf
FR,car_repair,Feu Vert,Q3070922,closed,,,https://www.feuvert.fr/,
FR,car_repair,Ford,Q44294,closed,,,https://www.ford.fr/informations-utiles/covid-19,
FR,car_repair,Midas,Q3312613,partial,,,https://www.midas.fr/purchase-guides/centre-dappel-covid19,https://www.midas.fr/purchase-guides/centres-ouverts-covid19
FR,car_repair,Norauto,Q3317698,partial,,,,https://www.norauto.fr/-cms-ateliers-de-secours.html
FR,car_repair,Peugeot,Q6742,closed,,"Réparation urgentes possibles, contacter par téléphone",https://www.peugeot.fr/covid-19.html,
FR,car_repair,Renault,Q6686,closed,,,https://www.renault.fr/mesures-covid19.html,
FR,car_repair,Speedy,Q3492969,partial,,,https://www.speedy.fr/informations-coronavirus,https://www.speedy.fr/informations-coronavirus
FR,car_repair,Vulco,Q80184403,partial,,Sur rendez-vous uniquement,https://www.facebook.com/vulcofrance/,
FR,chocolate,Jeff de Bruges,Q3176626,partial,,,https://twitter.com/Jeff_de_Bruges/status/1240648143517224961,https://magasins.jeff-de-bruges.com/
FR,chocolate,Leonidas,Q80335,open_adapted,,,https://www.leonidas.com/fr_fr/,https://www.leonidas.com/fr_fr/boutiques
FR,computer,LDLC,Q3117461,partial,,,https://www.lesechos.fr/pme-regions/auvergne-rhone-alpes/electronique-tres-sollicite-ldlc-organise-le-service-minimum-en-boutique-1186558#xtor=RSS-147,https://www.ldlc.com/magasins-ldlc/
FR,doityourself,Brico,Q2510786,closed,,,https://www.brico.be/fr/makers/t/covid-19-faq-fr,
FR,doityourself,Brico Dépôt,Q2889702,partial,Mo-Sa 08:00-15:00,"Récupération de commandes uniquement, sans contact",https://www.bricodepot.fr/,
FR,doityourself,Brico Pro,,partial,,,https://www.bricopro.fr/,
FR,doityourself,Bricoman,Q2925142,open_adapted,,Drive uniquement,https://www.bricoman.fr/,https://www.bricoman.fr/drive
FR,doityourself,Bricomarché,Q2925147,closed,,,https://www.bricomarche.com/,
FR,doityourself,Bricorama,Q2925146,closed,,,https://www.bricorama.fr/,
FR,doityourself,Castorama,Q966971,closed,,,https://www.castorama.fr/,
FR,doityourself,Lapeyre,Q3117467,closed,,,https://www.facebook.com/Lapeyre/,
FR,doityourself,Leroy Merlin,Q889624,partial,,Uniquement retrait ou livraison des produits de première nécessité,https://www.leroymerlin.fr/,
FR,doityourself,Mr Bricolage,Q3141657,partial,,,https://www.mr-bricolage.fr/covid-19-informations-magasins-c.html,https://www.mr-bricolage.fr/media/com/Liste%20Magasins_COVID_19.pdf
FR,doityourself,Point P,Q62973104,closed,,Ouvert uniquement aux clients pros,https://www.pointp.fr/informations-covid-19,
FR,doityourself,Queguiner Matériaux,Q3414861,partial,,Récupération de commandes uniquement,https://www.groupe-queguiner.fr/actualites/information-covid-19/,
FR,doityourself,Réseau Pro,,partial,,Réouvertures progressives à partir du 23 mars,https://www.reseaupro.fr/coronavirus-ouvertures-agences,https://www.reseaupro.fr/coronavirus-ouvertures-agences
FR,doityourself,Weldom,Q16683226,partial,,,,https://www.weldom.fr/weldom/rechercher-votre-magasin.html/
FR,electronics,Apple,Q421253,closed,,,https://www.apple.com/fr/,
FR,electronics,Boulanger,Q2921695,closed,,,https://twitter.com/boulanger/status/1240256275147034624,
FR,electronics,Darty,Q2439098,closed,,,https://twitter.com/Darty_Officiel/status/1239288822665482241,
FR,electronics,Électro Dépôt,Q2388060,closed,,,https://www.electrodepot.fr/#electro-informe,
FR,electronics_repair,Docteur IT,,partial,,,https://www.docteur-it.com/,
FR,employment_agency,Adecco,Q353496,closed,,,https://www.adecco.fr/,
FR,employment_agency,Manpower,Q56315899,closed,,Contact par courriel ou téléphone possible,https://www.manpower.fr/bulletin-informations-covid-19,
FR,employment_agency,Pôle Emploi,Q8901192,closed,,Contact par téléphone possible,https://www.pole-emploi.fr/actualites/information-covid-19.html,
FR,employment_agency,Randstad,Q267840,closed,,,https://www.randstad.fr/,
FR,farm,Bienvenue à la Ferme,Q2902023,partial,,,,https://www.drive-fermier.fr/carte_drive_fermier
FR,farm,Drive Fermier,Q2902023,partial,,,,https://www.drive-fermier.fr/carte_drive_fermier
FR,fast_food,Burger King,Q177054,closed,,,https://www.burgerking.fr/,
FR,fast_food,Domino’s,Q839466,partial,,,https://www.dominos.fr/,
FR,fast_food,Domino’s Pizza,Q839466,partial,,,https://www.dominos.fr/,
FR,fast_food,KFC,Q524757,partial,,Certains restaurant ouvrent leur drive et service de livraison,https://www.kfc.fr/,
FR,fast_food,McDonald’s,Q38076,closed,,,https://www.mcdonalds.fr/,
FR,fast_food,Pizza Hut,Q191615,open_adapted,,En livraison uniquement,https://www.pizzahut.fr/,
FR,fast_food,Quick,Q286494,closed,,,https://www.quick.fr/landing?redirect=%2F,
FR,fast_food,Subway,Q244457,closed,,,https://www.subway.com/fr-fr,
FR,frozen_food,Thiriet,Q3524695,open_adapted,,Boutiques ouvertes mais préférer les commandes en ligne,https://www.facebook.com/thiriet.surgeles/,
FR,fuel,AS24,Q2819394,open,,,https://www.as24.com/fr/communique-covid-19,
FR,fuel,Avia,Q300147,open,,,https://www.avia-france.fr/,
FR,fuel,BP,Q152057,open,,,http://stationsbp.fr/bp_station/site_bp_station/index.php,
FR,fuel,Elan,Q57980752,open,,,,https://www.total-proxi-energies.fr/stations-elan/nous-trouver
FR,fuel,Esso,Q867662,open,,,https://corporate.esso.fr/Notre-groupe/Actualites-et-publications/Esso-SAF/Information,
FR,fuel,Esso Express,Q867662,open,,,https://corporate.esso.fr/Notre-groupe/Actualites-et-publications/Esso-SAF/Information,
FR,fuel,Groupement des Mousquetaires,Q3153200,open_adapted,,,https://www.intermarche.com/enseigne/magazine/mesures-COVID,
FR,fuel,La Station U,Q2529029,open,,,https://twitter.com/ULesCommercants/status/1240174417960931328,
FR,fuel,Shell,Q154950,open,,Certains services en station sont fermés ou limités (restauration),https://www.shell.fr/,
FR,fuel,Total,Q154037,open,,,https://www.total.fr/actus/nos-actualites/Covid-19-Total-se-mobilise-pour-soutenir-personnels-soignants-hospitaliers,
FR,fuel,Total Access,Q154037,open,,,https://www.total.fr/actus/nos-actualites/Covid-19-Total-se-mobilise-pour-soutenir-personnels-soignants-hospitaliers,
FR,funeral_directors,PFG,Q3396087,open,,Appeler avant de se déplacer,,
FR,funeral_directors,Roblot,Q63247414,open,,Nous vous conseillons d’appeler votre agence avant de vous déplacer,https://www.roblot.fr/,
FR,funeral_directors,Roc-Eclerc,Q62558102,open,,,https://www.groupe-roc-eclerc.com/groupe/magazine/actualites/roc-eclerc-se-mobilise-contre-le-virus-covid-19/,
FR,garden_centre,Gamm Vert,Q3095006,open_adapted,,"Limité à l’alimentation et animalerie, contacter le magasin avant de s’y rendre",https://www.gammvert.fr/,
FR,garden_centre,Jardiland,Q3162276,open,,Limité à l’alimentation et animalerie,https://twitter.com/Jardiland/status/1239891135964856320,
FR,garden_centre,Point Vert,Q16661975,partial,,,https://www.magasin-point-vert.fr/,https://www.magasin-point-vert.fr/magasins
FR,garden_centre,Truffaut,Q3162640,closed,,,https://www.truffaut.com/information-actualite,
FR,insurance,AG2R La Mondiale,Q292228,closed,,Contact en priorité par courriel,https://www.ag2rlamondiale.fr/,
FR,insurance,Allianz,Q487292,closed,,Contact par téléphone possible,https://www.allianz.fr/informations-couverture-coronavirus/,
FR,insurance,April,Q622025,closed,,,https://groupe.april.fr/covid-19,
FR,insurance,Aviva,Q791179,partial,,,https://www.aviva.fr/conseils-en-assurance/mes-demarches/covid19.html,
FR,insurance,Axa,Q160054,closed,,,https://twitter.com/AXAFrance/status/1241017945343627266,
FR,insurance,CNP Assurances,Q1023930,closed,,Contact par formulaire en ligne,https://www.cnp.fr/,
FR,insurance,GMF,Q3095296,closed,,,https://www.gmf.fr/,
FR,insurance,Groupama,Q3083531,closed,,,https://www.groupama.fr/,
FR,insurance,Harmonie Mutuelle,Q3127528,closed,,Contact à distance possible,https://www.harmonie-mutuelle.fr/web/tout-harmonie,
FR,insurance,Maaf,Q3331028,closed,,,https://www.maaf.fr/fr/mutuelle-sante/covid-19,
FR,insurance,Macif,Q3331021,closed,,"Ligne téléphonique fermée pour l’instant, démarches par l’espace client en ligne",https://www.macif.fr/,
FR,insurance,Maif,Q3331029,closed,,,https://www.maif.fr/,
FR,insurance,Matmut,Q3299185,closed,,,https://twitter.com/Matmut/status/1239243892882649088,
FR,insurance,MMA,Q3331046,closed,,,https://www.mma.fr/,
FR,insurance,Mutuelle de Poitiers Assurances,,open,,Privilégier la communication par courriel,https://www.assurance-mutuelle-poitiers.fr/covid-19-nous-restons-mobilises,https://agence.assurance-mutuelle-poitiers.fr/
FR,laundry,5àSec,Q2817899,closed,,,https://www.5asec.fr/trouvez-votre-pressing,
FR,laundry,Lav’Club,,open,,,http://lavclub.net/info-coronavirus-laverie-ouverte/,http://lavclub.net/
FR,library,Fnac,Q676585,closed,,,https://twitter.com/Fnac/status/1239293193721655296,
FR,mobile_phone,Bouygues Télécom,Q581438,closed,,,https://www.bouyguestelecom.fr/choisir-bouygues-telecom/covid-19-bouygues-telecom-se-mobilise,
FR,mobile_phone,Coriolis Télécom,Q2997375,partial,,,http://www.coriolis.com/magasins/,
FR,mobile_phone,Free,Q2467627,closed,,,https://www.free.fr/freebox/informations-covid-19,
FR,mobile_phone,Orange,Q1431486,closed,,,https://boutique.orange.fr/informations/covid-19/,
FR,mobile_phone,SFR,Q218765,closed,,,https://www.sfr.fr/solidarite-sfr-covid19.html,
FR,optician,Afflelou,Q2829511,closed,,,https://www.afflelou.com/,
FR,optician,Atol,Q2869542,closed,,,https://www.opticiens-atol.com/,
FR,optician,Direct Optic,,closed,,,https://www.direct-optic.fr/,
FR,optician,Écouter Voir,Q18414551,closed,,,https://www.ecoutervoir.fr/trouver-un-magasin/,
FR,optician,Générale d’Optique,Q62391701,closed,,,https://www.generale-optique.com/,
FR,optician,Grand Optical,Q3113677,closed,,,https://www.grandoptical.com/,
FR,optician,Krys,Q3200026,closed,,,https://www.krys.com/,
FR,optician,Les Opticiens Mutualistes,Q18414551,closed,,,https://www.ecoutervoir.fr/trouver-un-magasin/,
FR,optician,Lissac,Q63102559,closed,,,https://www.lissac.fr/,
FR,optician,Lynx Optique,Q25387428,closed,,,https://www.lynx-optique.com/,
FR,optician,Optic 2000,Q3354445,closed,,,https://www.optic2000.com/,
FR,optician,Optical Center,Q3354448,closed,,,https://www.optical-center.fr/,
FR,optician,Solaris,Q3489229,closed,,,https://www.solaris.fr/,
FR,optician,Vision Plus,Q23752663,closed,,,https://www.vision-plus.fr/,
FR,pharmacy,Boticinal,,open,,,https://www.powersante.com/conseils-covid-19,
FR,pharmacy,Giphar,Q3107556,open,,,https://www.pharmaciengiphar.com/maladies/coronavirus/vos-pharmacies-giphar-s-organisent-pour-repondre-vos-besoins,
FR,pet,Animalis,Q2850015,open,,Des modifications d'horaires peuvent avoir lieu donc nous vous invitons donc à consulter les horaires en ligne ou à appeler votre magasin avant de vous déplacer,https://www.animalis.com/ouverture-de-vos-magasins,
FR,pet,Maxi Zoo,Q875796,open_adapted,"Mo-Sa 10:00-13:00, 14:00-17:00",,https://www.maxizoo.fr/,
FR,post_office,La Poste,Q373724,partial,,,https://www.groupelaposte.com/fr/article/informations-liees-au-virus-covid-19,
FR,restaurant,Big Fernand,Q19521346,closed,,,https://bigfernand.com/,
FR,restaurant,Buffalo Grill,Q944655,closed,,,https://www.buffalo-grill.fr/,
FR,restaurant,Campanile,Q2412064,closed,,"Les hôtels restent ouvert, mais la restauration est fermée",https://www.campanile.com/fr-fr/informationcovid19/,
FR,restaurant,Courtepaille,Q3116688,closed,,,https://www.courtepaille.com/,
FR,restaurant,CROUS,Q2946037,closed,,Restauration à emporter dans certains Resto’U,https://www.etudiant.gouv.fr/pid33626-cid150278/covid-19-|-faq-crous-etudes-concours-services.html,
FR,restaurant,Flunch,Q629326,closed,,,https://www.flunch.fr/,
FR,restaurant,Hippopotamus,Q3136174,closed,,,https://www.hippopotamus.fr/fermeture-provisoire,
FR,restaurant,La Boucherie,Q21427479,closed,,,https://www.la-boucherie.fr/,
FR,restaurant,Léon de Bruxelles,Q21041507,closed,,,https://www.leon-de-bruxelles.fr/,
FR,restaurant,Pret A Manger,Q2109109,closed,,,https://www.pretamanger.fr/fr-fr/?country=fr,
FR,restaurant,Sushi Shop,Q3505657,partial,,Certains points de vente ouverts pour la vente à emporter,https://www.sushishop.fr/,
FR,restaurant,Tablapizza,,closed,,,https://www.tablapizza.fr/informations-sur-les-fermetures/,
FR,stationery,Bureau Vallée,Q18385014,open_adapted,,,https://www.bureau-vallee.fr/,
FR,stationery,Office Dépôt,Q1337797,closed,,,https://www.officedepot.fr/,
FR,stationery,Top Office,Q24929304,closed,,Livraison à domicile toujours possible,https://www.top-office.com/informations-de-livraison.html,
FR,supermarket,Atac,Q3475335,open,,,https://www.facebook.com/LaTribuSchiever/posts/2806211786122536,
FR,supermarket,Aldi,Q125054,open_adapted,,Fermé les 22/03 et 29/03,https://www.aldi.fr/,
FR,supermarket,Auchan,Q758603,open,,,https://twitter.com/AUCHAN_France/status/1239652791045574660,
FR,supermarket,Bi1,Q3475335,open,,,https://www.facebook.com/LaTribuSchiever/posts/2806211786122536,
FR,supermarket,Bio c' Bon,Q54312551,partial,,,https://www.bio-c-bon.eu/,https://www.bio-c-bon.eu/fr/nos_magasins
FR,supermarket,Biocoop,Q2904039,open_adapted,,,https://www.biocoop.fr/actualites-bio/Biocoop-Solidaire-Attitude,
FR,supermarket,Biomonde,,open_adapted,,,https://www.facebook.com/biomondecooperative/posts/3180682271951752,"https://www.biomonde.fr/nos-magasins,1,58,1"
FR,supermarket,Carrefour,Q217599,open,,,https://www.carrefour.fr/,
FR,supermarket,Carrefour City,Q2940187,open,,,https://www.carrefour.fr/,
FR,supermarket,Carrefour Contact,Q2940188,open,,,https://www.carrefour.fr/,
FR,supermarket,Carrefour Express,Q2940190,open,,,https://www.carrefour.fr/,
FR,supermarket,Carrefour Market,Q2689639,open,,,https://www.carrefour.fr/,
FR,supermarket,Casino,Q2670967,open,,,https://www.supercasino.fr/landing/notre-priorite-cest-vous/,
FR,supermarket,Chronodrive,Q2966828,open,,,https://www.facebook.com/Chronodrive/,
FR,supermarket,CocciMarket,Q17561658,open,,,https://www.coccinelle.fr/,
FR,supermarket,Coccinelle,Q17561658,open,,,https://www.coccinelle.fr/,
FR,supermarket,Colruyt,Q2363991,open_adapted,Mo-Sa 09:00-19:00,,https://www.colruyt.fr/colruytfr/static/news.shtml?readnews=6,
FR,supermarket,Cora,Q686643,open,,,https://www.cora.fr/,
FR,supermarket,E. Leclerc,Q1273376,open,,,https://www.e-leclerc.com/catalogue/evenements/covid-19-les-centres-eleclerc-sont-mobilises,
FR,supermarket,Franprix,Q2420096,open,,Livraison à domicile gratuite pour personnes âgées ou fragiles,https://twitter.com/franprix/status/1239917728217137157,
FR,supermarket,G20,Q3504731,open_adapted,,"Magasins indépendants, vérifier avant de s’y rendre",https://www.facebook.com/supermarchesg20,
FR,supermarket,Géant Casino,Q1380537,open_adapted,,,https://www.geantcasino.fr/,https://magasins.geantcasino.fr/
FR,supermarket,Grand Frais,Q3114675,open_adapted,Mo-Sa 09:00-18:00,Magasins alsaciens ouverts de 9h à 14h,https://www.grandfrais.com/themes/theme-8.html,https://www.grandfrais.com/recherchemagasin.html
FR,supermarket,Picard Surgelés,Q3382454,open_adapted,,Livraisons à domicile du Lundi au Samedi de 7h à 21h selon localités,https://twitter.com/picardsurgeles/status/1241719937430892544,https://magasins.picard.fr/
FR,supermarket,Intermarché,Q3153200,open_adapted,,,https://www.intermarche.com/enseigne/magazine/mesures-COVID,
FR,supermarket,L’Eau Vive,,open,,,https://www.facebook.com/leauvivebio/videos/666475330774957/,https://www.eau-vive.com/magasin-bio/magasins
FR,supermarket,La Vie Claire,Q3213589,open_adapted,,,https://www.lavieclaire.com/,https://magasins.lavieclaire.com/lavieclaire/fr
FR,supermarket,Le Marché de Léopold,,open_adapted,"Mo-Sa 9:30-13:00, 14:00-18:00",,https://www.lemarchedeleopold.com/mesurescovid19/,
FR,supermarket,Les Nouveaux Robinson,Q3345091,open_adapted,,,https://www.facebook.com/lesnouveauxrobinson/photos/a.10150247251555077/10163485466510077/?type=3,http://lesnouveauxrobinson.coop/les-magasins/
FR,supermarket,Leader Price,Q2181426,open,,,https://www.leaderprice.fr/,
FR,supermarket,Lidl,Q151954,open,,,https://twitter.com/lidlfrance/status/1239516477247684609,
FR,supermarket,Match,Q513977,open,,,https://twitter.com/supermarchematc/status/1239587373505294339,
FR,supermarket,Maximarché,Q3475335,open,,,https://www.facebook.com/LaTribuSchiever/posts/2806211786122536,
FR,supermarket,Monoprix,Q3321241,open,,,https://twitter.com/Monoprix/status/1240558643281608704,
FR,supermarket,Naturalia,Q3337081,open,,,https://naturalia.fr/naturalia-covid19,https://naturalia.fr/magasins/trouvez-votre-magasin-naturalia
FR,supermarket,NaturéO,,open_adapted,,,https://www.natureo-bio.fr/magasin-bio/,
FR,supermarket,Netto,Q2720988,open,,,https://www.facebook.com/nettofrance,
FR,supermarket,Proximarché,Q3475335,open,,,https://www.facebook.com/LaTribuSchiever/posts/2806211786122536,
FR,supermarket,Satoriz,,open_adapted,Mo-Sa 10:00-17:00,,http://www.satoriz.fr/animations/mesures-liees-au-covid-19/,
FR,supermarket,Sherpa,Q3481967,open_adapted,,,https://twitter.com/Magasins_Sherpa/status/1242115976805650435,https://sherpa.net/magasins
FR,supermarket,Spar,Q610492,open,,,https://www.spar.fr/?page=actualite&actu=87,
FR,supermarket,Vival,Q7937525,open,,,https://www.vival.fr/,https://magasins.vival.fr/
FR,supermarket,Hyper U,Q2529029,open_adapted,,,https://www.magasins-u.com/accueil,https://www.magasins-u.com/fichiers/horaires-magasins_pdf
FR,supermarket,Magasins U,Q2529029,open_adapted,,,https://www.magasins-u.com/accueil,https://www.magasins-u.com/fichiers/horaires-magasins_pdf
FR,supermarket,Super U,Q2529029,open_adapted,,,https://www.magasins-u.com/accueil,https://www.magasins-u.com/fichiers/horaires-magasins_pdf
FR,supermarket,Système U,Q2529029,open_adapted,,,https://www.magasins-u.com/accueil,https://www.magasins-u.com/fichiers/horaires-magasins_pdf
FR,supermarket,U Express,Q2529029,open_adapted,,,https://www.magasins-u.com/accueil,https://www.magasins-u.com/fichiers/horaires-magasins_pdf
FR,variety_store,Action,Q2634111,closed,,,https://www.action.com/fr-fr/horaires-douverture/,
FR,variety_store,GiFi,Q3105439,closed,,,https://www.gifi.fr/faq-covid19.html,
FR,variety_store,Noz,Q3345688,closed,,,https://www.nozarrivages.com/,
TR,fast_food,Arby's,Q630866,closed,,,https://www.arbys.com.tr/,
TR,fast_food,Burger King,Q177054,closed,,,https://www.burgerking.com.tr/,
TR,restaurant,Tavuk Dünyası,,closed,,,http://www.tavukdunyasi.com/,
US,supermarket,7-Eleven,Q259340,open_adapted,05:00-24:00,,https://www.7-eleven.com/coronavirus-safety,
US,supermarket,Fred Meyer,Q5495932,open_adapted,07:00-21:00,Dedicated to seniors shoppers between 07:00 and 08:00,https://www.fredmeyer.com/i/coronavirus-update,https://www.fredmeyer.com/i/coronavirus-update/store-information
US,supermarket,Safeway,Q1508234,open_adapted,07:00-22:00,"Shops open, offers « contact free » delivery and pickup at stores",https://www.safeway.com/faq/covid-19-faq.html,https://local.safeway.com/search.html
US,supermarket,Walgreens,Q1591889,open_adapted,09:00-17:00,,https://news.walgreens.com/our-stories/covid-19-faq.htm,
US,supermarket,Walmart,Q483551,open_adapted,07:00-20:30,Dedicated to seniors shoppers between 07:00 and 08:00,https://corporate.walmart.com/here-for-you,https://corporate.walmart.com/important-store-info
